[
{
    "model": "press.topic",
    "pk": 1,
    "fields": {
        "name": "Technology"
    }
},
{
    "model": "press.topic",
    "pk": 2,
    "fields": {
        "name": "Science"
    }
},
{
    "model": "press.topic",
    "pk": 3,
    "fields": {
        "name": "Politics"
    }
},
{
    "model": "press.topic",
    "pk": 4,
    "fields": {
        "name": "Health"
    }
},
{
    "model": "press.topic",
    "pk": 5,
    "fields": {
        "name": "Entertainment"
    }
},
{
    "model": "press.topic",
    "pk": 6,
    "fields": {
        "name": "Sports"
    }
},
{
    "model": "press.topic",
    "pk": 7,
    "fields": {
        "name": "Education"
    }
},
{
    "model": "press.topic",
    "pk": 8,
    "fields": {
        "name": "Finance"
    }
},
{
    "model": "press.topic",
    "pk": 9,
    "fields": {
        "name": "Lifestyle"
    }
},
{
    "model": "press.topic",
    "pk": 10,
    "fields": {
        "name": "Business"
    }
},
{
    "model": "press.redactor",
    "pk": 1,
    "fields": {
        "password": "",
        "last_login": null,
        "is_superuser": false,
        "username": "john_doe",
        "email": "",
        "is_staff": false,
        "is_active": true,
        "date_joined": "2025-02-06T11:31:31.289Z",
        "first_name": "John",
        "last_name": "Doe",
        "pseudonym": "J.Doe",
        "groups": [],
        "user_permissions": []
    }
},
{
    "model": "press.redactor",
    "pk": 2,
    "fields": {
        "password": "",
        "last_login": null,
        "is_superuser": false,
        "username": "anna_smith",
        "email": "",
        "is_staff": false,
        "is_active": true,
        "date_joined": "2025-02-06T11:31:31.289Z",
        "first_name": "Anna",
        "last_name": "Smith",
        "pseudonym": "A.Smith",
        "groups": [],
        "user_permissions": []
    }
},
{
    "model": "press.redactor",
    "pk": 3,
    "fields": {
        "password": "",
        "last_login": null,
        "is_superuser": false,
        "username": "peter_jones",
        "email": "",
        "is_staff": false,
        "is_active": true,
        "date_joined": "2025-02-06T11:31:31.290Z",
        "first_name": "Peter",
        "last_name": "Jones",
        "pseudonym": "P.Jones",
        "groups": [],
        "user_permissions": []
    }
},
{
    "model": "press.redactor",
    "pk": 4,
    "fields": {
        "password": "",
        "last_login": null,
        "is_superuser": false,
        "username": "lucy_brown",
        "email": "",
        "is_staff": false,
        "is_active": true,
        "date_joined": "2025-02-06T11:31:31.290Z",
        "first_name": "Lucy",
        "last_name": "Brown",
        "pseudonym": null,
        "groups": [],
        "user_permissions": []
    }
},
{
    "model": "press.redactor",
    "pk": 5,
    "fields": {
        "password": "",
        "last_login": null,
        "is_superuser": false,
        "username": "michael_clark",
        "email": "",
        "is_staff": false,
        "is_active": true,
        "date_joined": "2025-02-06T11:31:31.306Z",
        "first_name": "Michael",
        "last_name": "Clark",
        "pseudonym": "M.Clark",
        "groups": [],
        "user_permissions": []
    }
},
{
    "model": "press.redactor",
    "pk": 6,
    "fields": {
        "password": "",
        "last_login": null,
        "is_superuser": false,
        "username": "sarah_wilson",
        "email": "",
        "is_staff": false,
        "is_active": true,
        "date_joined": "2025-02-06T11:31:31.306Z",
        "first_name": "Sarah",
        "last_name": "Wilson",
        "pseudonym": "S.Wilson",
        "groups": [],
        "user_permissions": []
    }
},
{
    "model": "press.redactor",
    "pk": 7,
    "fields": {
        "password": "",
        "last_login": null,
        "is_superuser": false,
        "username": "david_miller",
        "email": "",
        "is_staff": false,
        "is_active": true,
        "date_joined": "2025-02-06T11:31:31.306Z",
        "first_name": "David",
        "last_name": "Miller",
        "pseudonym": "D.Miller",
        "groups": [],
        "user_permissions": []
    }
},
{
    "model": "press.redactor",
    "pk": 8,
    "fields": {
        "password": "",
        "last_login": null,
        "is_superuser": false,
        "username": "emily_johnson",
        "email": "",
        "is_staff": false,
        "is_active": true,
        "date_joined": "2025-02-06T11:31:31.307Z",
        "first_name": "Emily",
        "last_name": "Johnson",
        "pseudonym": null,
        "groups": [],
        "user_permissions": []
    }
},
{
    "model": "press.redactor",
    "pk": 9,
    "fields": {
        "password": "",
        "last_login": null,
        "is_superuser": false,
        "username": "andrew_brown",
        "email": "",
        "is_staff": false,
        "is_active": true,
        "date_joined": "2025-02-06T11:31:31.307Z",
        "first_name": "Andrew",
        "last_name": "Brown",
        "pseudonym": "A.Brown",
        "groups": [],
        "user_permissions": []
    }
},
{
    "model": "press.redactor",
    "pk": 10,
    "fields": {
        "password": "",
        "last_login": null,
        "is_superuser": false,
        "username": "lisa_taylor",
        "email": "",
        "is_staff": false,
        "is_active": true,
        "date_joined": "2025-02-06T11:31:31.307Z",
        "first_name": "Lisa",
        "last_name": "Taylor",
        "pseudonym": "L.Taylor",
        "groups": [],
        "user_permissions": []
    }
},
{
    "model": "press.redactor",
    "pk": 11,
    "fields": {
        "password": "",
        "last_login": null,
        "is_superuser": false,
        "username": "mark_anderson",
        "email": "",
        "is_staff": false,
        "is_active": true,
        "date_joined": "2025-02-06T11:31:31.307Z",
        "first_name": "Mark",
        "last_name": "Anderson",
        "pseudonym": "M.Anderson",
        "groups": [],
        "user_permissions": []
    }
},
{
    "model": "press.redactor",
    "pk": 12,
    "fields": {
        "password": "",
        "last_login": null,
        "is_superuser": false,
        "username": "jessica_thomas",
        "email": "",
        "is_staff": false,
        "is_active": true,
        "date_joined": "2025-02-06T11:31:31.308Z",
        "first_name": "Jessica",
        "last_name": "Thomas",
        "pseudonym": "J.Thomas",
        "groups": [],
        "user_permissions": []
    }
},
{
    "model": "press.redactor",
    "pk": 13,
    "fields": {
        "password": "",
        "last_login": null,
        "is_superuser": false,
        "username": "chris_parker",
        "email": "",
        "is_staff": false,
        "is_active": true,
        "date_joined": "2025-02-06T11:31:31.308Z",
        "first_name": "Chris",
        "last_name": "Parker",
        "pseudonym": null,
        "groups": [],
        "user_permissions": []
    }
},
{
    "model": "press.redactor",
    "pk": 14,
    "fields": {
        "password": "",
        "last_login": null,
        "is_superuser": false,
        "username": "nina_harris",
        "email": "",
        "is_staff": false,
        "is_active": true,
        "date_joined": "2025-02-06T11:31:31.308Z",
        "first_name": "Nina",
        "last_name": "Harris",
        "pseudonym": "N.Harris",
        "groups": [],
        "user_permissions": []
    }
},
{
    "model": "press.redactor",
    "pk": 15,
    "fields": {
        "password": "pbkdf2_sha256$870000$anFKq0pO1ikYcXp0g23hUn$w6Po9PFgUqnel6nScW+HlFLNy5izrA/mSweDND+V/RU=",
        "last_login": "2025-02-06T11:31:38.888Z",
        "is_superuser": true,
        "username": "admin",
        "email": "admin@example.com",
        "is_staff": true,
        "is_active": true,
        "date_joined": "2025-03-01T12:00:00Z",
        "first_name": "Admin",
        "last_name": "User",
        "pseudonym": "Admin",
        "groups": [],
        "user_permissions": []
    }
},
{
    "model": "press.newspaper",
    "pk": 1,
    "fields": {
        "title": "Tech News Today",
        "content": "Latest updates in technology.",
        "published_date": "2025-02-01",
        "topics": [
            1,
            5
        ],
        "publishers": [
            1,
            2
        ]
    }
},
{
    "model": "press.newspaper",
    "pk": 2,
    "fields": {
        "title": "Science Journal",
        "content": "New discoveries in science.",
        "published_date": "2025-02-02",
        "topics": [
            2,
            7
        ],
        "publishers": [
            3
        ]
    }
},
{
    "model": "press.newspaper",
    "pk": 3,
    "fields": {
        "title": "Political Insights",
        "content": "Politics of the day.",
        "published_date": "2025-02-03",
        "topics": [
            3
        ],
        "publishers": [
            4
        ]
    }
},
{
    "model": "press.newspaper",
    "pk": 4,
    "fields": {
        "title": "Health News",
        "content": "The latest trends in health.",
        "published_date": "2025-02-04",
        "topics": [
            4,
            6
        ],
        "publishers": [
            1,
            3
        ]
    }
},
{
    "model": "press.newspaper",
    "pk": 5,
    "fields": {
        "title": "Entertainment Weekly",
        "content": "Movies, TV shows, and more.",
        "published_date": "2025-02-05",
        "topics": [
            5
        ],
        "publishers": [
            2,
            4
        ]
    }
},
{
    "model": "press.newspaper",
    "pk": 6,
    "fields": {
        "title": "Sports Daily",
        "content": "All about sports news.",
        "published_date": "2025-02-06",
        "topics": [
            6
        ],
        "publishers": [
            1,
            4
        ]
    }
},
{
    "model": "press.newspaper",
    "pk": 7,
    "fields": {
        "title": "Education Weekly",
        "content": "Latest updates in education.",
        "published_date": "2025-02-07",
        "topics": [
            7
        ],
        "publishers": [
            2,
            3
        ]
    }
},
{
    "model": "press.newspaper",
    "pk": 8,
    "fields": {
        "title": "Finance Times",
        "content": "Financial trends and news.",
        "published_date": "2025-02-08",
        "topics": [
            8
        ],
        "publishers": [
            4
        ]
    }
},
{
    "model": "press.newspaper",
    "pk": 9,
    "fields": {
        "title": "Lifestyle Today",
        "content": "Trends in lifestyle and culture.",
        "published_date": "2025-02-09",
        "topics": [
            9
        ],
        "publishers": [
            1
        ]
    }
},
{
    "model": "press.newspaper",
    "pk": 10,
    "fields": {
        "title": "Business Review",
        "content": "Latest in business and economy.",
        "published_date": "2025-02-10",
        "topics": [
            10
        ],
        "publishers": [
            2,
            4
        ]
    }
},
{
    "model": "press.newspaper",
    "pk": 11,
    "fields": {
        "title": "Tech Focus",
        "content": "In-depth analysis of technology.",
        "published_date": "2025-02-11",
        "topics": [
            1,
            5
        ],
        "publishers": [
            3
        ]
    }
},
{
    "model": "press.newspaper",
    "pk": 12,
    "fields": {
        "title": "Science Innovations",
        "content": "Exploring new frontiers in science.",
        "published_date": "2025-02-12",
        "topics": [
            2
        ],
        "publishers": [
            4
        ]
    }
},
{
    "model": "press.newspaper",
    "pk": 13,
    "fields": {
        "title": "Political Agenda",
        "content": "Latest in global politics.",
        "published_date": "2025-02-13",
        "topics": [
            3
        ],
        "publishers": [
            1,
            4
        ]
    }
},
{
    "model": "press.newspaper",
    "pk": 14,
    "fields": {
        "title": "Healthy Living",
        "content": "Guides to healthier living.",
        "published_date": "2025-02-14",
        "topics": [
            4,
            6
        ],
        "publishers": [
            2
        ]
    }
},
{
    "model": "press.newspaper",
    "pk": 15,
    "fields": {
        "title": "Entertainment Buzz",
        "content": "Everything about the entertainment industry.",
        "published_date": "2025-02-15",
        "topics": [
            5
        ],
        "publishers": [
            3
        ]
    }
},
{
    "model": "press.newspaper",
    "pk": 16,
    "fields": {
        "title": "Sports Insights",
        "content": "Breaking sports news.",
        "published_date": "2025-02-16",
        "topics": [
            6
        ],
        "publishers": [
            4
        ]
    }
},
{
    "model": "press.newspaper",
    "pk": 17,
    "fields": {
        "title": "Education Today",
        "content": "All things related to education.",
        "published_date": "2025-02-17",
        "topics": [
            7
        ],
        "publishers": [
            1
        ]
    }
},
{
    "model": "press.newspaper",
    "pk": 18,
    "fields": {
        "title": "Financial Strategies",
        "content": "Finance and investment tips.",
        "published_date": "2025-02-18",
        "topics": [
            8
        ],
        "publishers": [
            2,
            3
        ]
    }
},
{
    "model": "press.newspaper",
    "pk": 19,
    "fields": {
        "title": "Lifestyle Choices",
        "content": "Exploring lifestyle trends.",
        "published_date": "2025-02-19",
        "topics": [
            9
        ],
        "publishers": [
            4
        ]
    }
},
{
    "model": "press.newspaper",
    "pk": 20,
    "fields": {
        "title": "Business Insights",
        "content": "Business news and insights.",
        "published_date": "2025-02-20",
        "topics": [
            10
        ],
        "publishers": [
            1,
            2
        ]
    }
},
{
    "model": "press.newspaper",
    "pk": 21,
    "fields": {
        "title": "Tech Trends",
        "content": "Latest trends in technology.",
        "published_date": "2025-02-21",
        "topics": [
            1,
            5
        ],
        "publishers": [
            5,
            6
        ]
    }
},
{
    "model": "press.newspaper",
    "pk": 22,
    "fields": {
        "title": "Science Breakthroughs",
        "content": "New breakthroughs in science.",
        "published_date": "2025-02-22",
        "topics": [
            2
        ],
        "publishers": [
            7
        ]
    }
},
{
    "model": "press.newspaper",
    "pk": 23,
    "fields": {
        "title": "Political Analysis",
        "content": "In-depth political analysis.",
        "published_date": "2025-02-23",
        "topics": [
            3
        ],
        "publishers": [
            8,
            9
        ]
    }
},
{
    "model": "press.newspaper",
    "pk": 24,
    "fields": {
        "title": "Health Tips",
        "content": "Tips for a healthier lifestyle.",
        "published_date": "2025-02-24",
        "topics": [
            4
        ],
        "publishers": [
            10
        ]
    }
},
{
    "model": "press.newspaper",
    "pk": 25,
    "fields": {
        "title": "Entertainment News",
        "content": "Latest entertainment news.",
        "published_date": "2025-02-25",
        "topics": [
            5
        ],
        "publishers": [
            11,
            12
        ]
    }
},
{
    "model": "press.newspaper",
    "pk": 26,
    "fields": {
        "title": "Sports Highlights",
        "content": "Top sports highlights.",
        "published_date": "2025-02-26",
        "topics": [
            6
        ],
        "publishers": [
            13
        ]
    }
},
{
    "model": "press.newspaper",
    "pk": 27,
    "fields": {
        "title": "Education Updates",
        "content": "Updates in education.",
        "published_date": "2025-02-27",
        "topics": [
            7
        ],
        "publishers": [
            14
        ]
    }
},
{
    "model": "press.newspaper",
    "pk": 28,
    "fields": {
        "title": "Finance Insights",
        "content": "Insights into finance.",
        "published_date": "2025-02-28",
        "topics": [
            8
        ],
        "publishers": [
            5,
            10
        ]
    }
},
{
    "model": "press.newspaper",
    "pk": 29,
    "fields": {
        "title": "Lifestyle Guide",
        "content": "Guide to a better lifestyle.",
        "published_date": "2025-03-01",
        "topics": [
            9
        ],
        "publishers": [
            6,
            11
        ]
    }
},
{
    "model": "press.newspaper",
    "pk": 30,
    "fields": {
        "title": "Business Growth",
        "content": "Strategies for business growth.",
        "published_date": "2025-03-02",
        "topics": [
            10
        ],
        "publishers": [
            7,
            12
        ]
    }
},
{
    "model": "press.newspaper",
    "pk": 31,
    "fields": {
        "title": "Tech Innovations",
        "content": "Innovations in technology.",
        "published_date": "2025-03-03",
        "topics": [
            1,
            5
        ],
        "publishers": [
            8,
            13
        ]
    }
},
{
    "model": "press.newspaper",
    "pk": 32,
    "fields": {
        "title": "Scientific Discoveries",
        "content": "Recent scientific discoveries.",
        "published_date": "2025-03-04",
        "topics": [
            2
        ],
        "publishers": [
            9,
            14
        ]
    }
},
{
    "model": "press.newspaper",
    "pk": 33,
    "fields": {
        "title": "Political Events",
        "content": "Key political events.",
        "published_date": "2025-03-05",
        "topics": [
            3
        ],
        "publishers": [
            5
        ]
    }
},
{
    "model": "press.newspaper",
    "pk": 34,
    "fields": {
        "title": "Healthy Living",
        "content": "Living a healthy life.",
        "published_date": "2025-03-06",
        "topics": [
            4
        ],
        "publishers": [
            6,
            10
        ]
    }
},
{
    "model": "press.newspaper",
    "pk": 35,
    "fields": {
        "title": "Entertainment Spotlight",
        "content": "Spotlight on entertainment.",
        "published_date": "2025-03-07",
        "topics": [
            5
        ],
        "publishers": [
            7,
            11
        ]
    }
},
{
    "model": "press.newspaper",
    "pk": 36,
    "fields": {
        "title": "Sports Champions",
        "content": "Champions in sports.",
        "published_date": "2025-03-08",
        "topics": [
            6
        ],
        "publishers": [
            8,
            12
        ]
    }
},
{
    "model": "press.newspaper",
    "pk": 37,
    "fields": {
        "title": "Educational Resources",
        "content": "Resources for education.",
        "published_date": "2025-03-09",
        "topics": [
            7
        ],
        "publishers": [
            9,
            13
        ]
    }
},
{
    "model": "press.newspaper",
    "pk": 38,
    "fields": {
        "title": "Financial Planning",
        "content": "Planning your finances.",
        "published_date": "2025-03-10",
        "topics": [
            8
        ],
        "publishers": [
            10,
            14
        ]
    }
},
{
    "model": "press.newspaper",
    "pk": 39,
    "fields": {
        "title": "Lifestyle Choices",
        "content": "Making lifestyle choices.",
        "published_date": "2025-03-11",
        "topics": [
            9
        ],
        "publishers": [
            5
        ]
    }
},
{
    "model": "press.newspaper",
    "pk": 40,
    "fields": {
        "title": "Business Strategies",
        "content": "Effective business strategies.",
        "published_date": "2025-03-12",
        "topics": [
            10
        ],
        "publishers": [
            6,
            11
        ]
    }
},
{
    "model": "press.newspaper",
    "pk": 41,
    "fields": {
        "title": "Tech Reviews",
        "content": "Reviews of the latest tech.",
        "published_date": "2025-03-13",
        "topics": [
            1,
            5
        ],
        "publishers": [
            7,
            12
        ]
    }
},
{
    "model": "press.newspaper",
    "pk": 42,
    "fields": {
        "title": "Science Explained",
        "content": "Explaining complex science.",
        "published_date": "2025-03-14",
        "topics": [
            2
        ],
        "publishers": [
            8,
            13
        ]
    }
},
{
    "model": "press.newspaper",
    "pk": 43,
    "fields": {
        "title": "Political Debates",
        "content": "Debates in politics.",
        "published_date": "2025-03-15",
        "topics": [
            3
        ],
        "publishers": [
            9,
            14
        ]
    }
},
{
    "model": "press.newspaper",
    "pk": 44,
    "fields": {
        "title": "Health and Wellness",
        "content": "Wellness tips and advice.",
        "published_date": "2025-03-16",
        "topics": [
            4
        ],
        "publishers": [
            5
        ]
    }
},
{
    "model": "press.newspaper",
    "pk": 45,
    "fields": {
        "title": "Entertainment World",
        "content": "World of entertainment.",
        "published_date": "2025-03-17",
        "topics": [
            5
        ],
        "publishers": [
            6,
            10
        ]
    }
},
{
    "model": "press.newspaper",
    "pk": 46,
    "fields": {
        "title": "Sports Legends",
        "content": "Legends in sports.",
        "published_date": "2025-03-18",
        "topics": [
            6
        ],
        "publishers": [
            7,
            11
        ]
    }
},
{
    "model": "press.newspaper",
    "pk": 47,
    "fields": {
        "title": "Education Reform",
        "content": "Reforming education systems.",
        "published_date": "2025-03-19",
        "topics": [
            7
        ],
        "publishers": [
            8,
            12
        ]
    }
},
{
    "model": "press.newspaper",
    "pk": 48,
    "fields": {
        "title": "Financial Markets",
        "content": "Analysis of financial markets.",
        "published_date": "2025-03-20",
        "topics": [
            8
        ],
        "publishers": [
            9,
            13
        ]
    }
},
{
    "model": "press.newspaper",
    "pk": 49,
    "fields": {
        "title": "Lifestyle Changes",
        "content": "Adapting to lifestyle changes.",
        "published_date": "2025-03-21",
        "topics": [
            9
        ],
        "publishers": [
            10,
            14
        ]
    }
},
{
    "model": "press.newspaper",
    "pk": 50,
    "fields": {
        "title": "Business Success",
        "content": "Keys to business success.",
        "published_date": "2025-03-22",
        "topics": [
            10
        ],
        "publishers": [
            5,
            6
        ]
    }
}
]
